HEADER,26032020,000013
REGISTER,Usuário 01          ,Sobrenome 01        ,05042019
REGISTER,Usuário 02          ,Sobrenome 02        ,05042019
REGISTER,Usuário 03          ,Sobrenome 03        ,05042019
REGISTER,Usuário 04          ,Sobrenome 04        ,05042019
REGISTER,Usuário 05          ,Sobrenome 05        ,05042019
REGISTER,Usuário 06          ,Sobrenome 06        ,05042019
REGISTER,Usuário 07          ,Sobrenome 07        ,05042019
REGISTER,Usuário 08          ,Sobrenome 08        ,05042019
REGISTER,Usuário 09          ,Sobrenome 09        ,05042019
REGISTER,Usuário 10          ,Sobrenome 10        ,05042019
REGISTER,Usuário 11          ,Sobrenome 11        ,05042019
REGISTER,Usuário 12          ,Sobrenome 12        ,05042019
REGISTER,Usuário 13          ,Sobrenome 13        ,05042019
REGISTER,Usuário 12          ,Sobrenome 12        ,05042019
REGISTER,Usuário 13          ,Sobrenome 13        ,05042019
